[
    {
        "courseId" : 1,
        "courseName" : "Learn Angular Beginner",
        "coursePrice" : "10"
    },
    {
        "courseId" : 2,
        "courseName" : "Learn Angular Intermediate",
        "coursePrice" : "30"
    },
    {
        "courseId" : 3,
        "courseName" : "Learn Angular Advanced",
        "coursePrice" : "60"
    },
    {
        "courseId" : 4,
        "courseName" : "Learn React",
        "coursePrice" : "60"
    },
    {
        "courseId" : 5,
        "courseName" : "Certification",
        "coursePrice" : "200"
    }
]